{"cameraMode":{"drawMode":0,"name":"Shaded","section":"Shading Mode"},"sceneLighting":true,"audioPlay":false,"sceneViewState":{"m_AlwaysRefresh":false,"showFog":true,"showSkybox":true,"showFlares":true,"showImageEffects":true,"showParticleSystems":true,"showVisualEffectGraphs":true,"m_FxEnabled":true},"in2DMode":false,"pivot":{"x":-1.1440051794052125,"y":-1.11611807346344,"z":1.1565861701965333},"rotation":{"x":-0.1276397556066513,"y":0.43030592799186709,"z":-0.061610497534275058,"w":-0.8914920091629028},"size":1.6369993686676026,"orthographic":false}