{"cameraMode":{"drawMode":0,"name":"Shaded","section":"Shading Mode"},"sceneLighting":true,"audioPlay":false,"sceneViewState":{"m_AlwaysRefresh":false,"showFog":true,"showSkybox":true,"showFlares":true,"showImageEffects":true,"showParticleSystems":true,"showVisualEffectGraphs":true,"m_FxEnabled":true},"in2DMode":false,"pivot":{"x":17.299476623535158,"y":-15.476150512695313,"z":71.52894592285156},"rotation":{"x":-0.21364600956439973,"y":0.1464841514825821,"z":-0.032419849187135699,"w":-0.9653228521347046},"size":93.89227294921875,"orthographic":false}